Filename,Npofb10,Npofb15,Npofb20,Npofb25,Npofb30,Npofb35,Npofb40,Npofb45,Npofb50,Npofb55,Npofb60,Npofb65,Npofb70,Npofb75,Npofb80,Npofb85,Npofb90,Npofb95,Npofb100,
Acume.csv,0.23529411764705882,0.29411764705882354,0.4117647058823529,0.5,0.5882352941176471,0.6470588235294118,0.7058823529411765,0.7352941176470589,0.7941176470588235,0.8529411764705882,0.9117647058823529,0.9411764705882353,0.9411764705882353,1.0,1.0,1.0,1.0,1.0,1.0,
